text,translations,audioURL,isNew
どうですか,"[""how are things"", ""why don't"", ""how is"", ""how have you been"", ""how's"", ""what if"", ""how are"", ""why not"", ""liking""]",https://d1vq87e9lcf771.cloudfront.net/beaja/fd1dc9704c30472348f4f7933aec2871,False
おみやげ,"[""souvenir""]",https://d1vq87e9lcf771.cloudfront.net/beaja/93a87938d4c420a8baf8f66a0078af60,False
おかし,"[""snack""]",https://d1vq87e9lcf771.cloudfront.net/beaja/f9cb0ef7179b549098f66851459cd4ff,False
ポストカード,"[""postcard""]",https://d1vq87e9lcf771.cloudfront.net/beaja/d02c1395ded9c79b9cd2730ef69bbad4,False
ふじさん,"[""Mt. Fuji""]",https://d1vq87e9lcf771.cloudfront.net/beaja/48c6fb0dfacb1154ab73304e0d4ed36b,False
高い,"[""tall""]",https://d1vq87e9lcf771.cloudfront.net/beaja/6ce73cca720195ea925e2cac15eb04ed,False
山,"[""mountain"", ""mount"", ""mountains"", ""piles""]",https://d1vq87e9lcf771.cloudfront.net/beaja/f2edd9afa389bcf78941560e59f98fdf,False
じんじゃ,"[""shrine""]",https://d1vq87e9lcf771.cloudfront.net/beaja/1d6d88ef135a25cb9763dea425b82d8d,False
ラーメンや,"[""ramen shop""]",https://d1vq87e9lcf771.cloudfront.net/beaja/0ad8c5f97afc6dd3005a1062e0df316c,False
ピザや,"[""pizza shop""]",https://d1vq87e9lcf771.cloudfront.net/beaja/2327946a175dbc6587f6d7953f7200e8,False
はらじゅく,"[""Harajuku""]",https://d1vq87e9lcf771.cloudfront.net/beaja/edf395f3dc20d82b35f7585e0217da46,False
デザート,"[""dessert""]",https://d1vq87e9lcf771.cloudfront.net/beaja/526ed6a2f10b39269cd2fab69bb24277,False
あれ,"[""hey"", ""that (one) (over there)"", ""what"", ""that""]",https://d1vq87e9lcf771.cloudfront.net/beaja/9eadd4cd9ecc1cfb4ab35f7efa8d3357,False
何ですか,"[""what (is)"", ""what are"", ""what's""]",https://d1vq87e9lcf771.cloudfront.net/beaja/681a31968f733d53af49889f5a0dd7e3,False
おてら,"[""temple""]",https://d1vq87e9lcf771.cloudfront.net/beaja/dcdf4697d455e86b1bcbbaf75558f0de,False
たてもの,"[""building""]",https://d1vq87e9lcf771.cloudfront.net/beaja/602ae5d122dc8c2127e03a67a07e6e97,False
な,"[""do not"", ""(adjective ending)"", ""don't"", ""without"", ""(added emotion)"", ""name""]",https://d1vq87e9lcf771.cloudfront.net/beaja/8ce95b9e94910d182222cc96a4fc9c57,False
ところ,"[""place""]",https://d1vq87e9lcf771.cloudfront.net/beaja/e8c420271de41efa62cdbd3a1ea5becb,False
ほんとうに,"[""really"", ""truly""]",https://d1vq87e9lcf771.cloudfront.net/beaja/f1fbb654d34c33bc554fe82e40900887,False
ながい,"[""long""]",https://d1vq87e9lcf771.cloudfront.net/beaja/d3759f303e01783f9689f6fd5f7f2312,False
しゅうてん,"[""final stop""]",https://d1vq87e9lcf771.cloudfront.net/beaja/a75d3ca2decbb323f71e0602d5b0e8e6,False
時間,"[""time"", ""hour"", ""hours""]",https://d1vq87e9lcf771.cloudfront.net/beaja/7874b8c40304eb4f44203211560861fd,False
分,"[""minute"", ""minutes""]",https://d1vq87e9lcf771.cloudfront.net/beaja/b1f2bfacb8ad8669b637780b09fbbfcc,False
ぐらい,"[""about""]",https://d1vq87e9lcf771.cloudfront.net/beaja/ccf310d79a1525cc980c81669dd72690,False
かかります,"[""take"", ""(it) takes"", ""(it) will take"", ""it'll take"", ""takes""]",https://d1vq87e9lcf771.cloudfront.net/beaja/5c1b53809abc677ff76a2ec9054ec3f2,False
はやい,"[""fast""]",https://d1vq87e9lcf771.cloudfront.net/beaja/4ff764fd8e36750cb3d28c350e998fb5,False
十分,"[""sufficient"", ""enough"", ""adequate"", ""ten minutes""]",https://d1vq87e9lcf771.cloudfront.net/beaja/2b57ebd0e4315953f2c31735faf4555c,False
どの,"[""any"", ""each"", ""which"", ""what"", ""every"", ""how long""]",https://d1vq87e9lcf771.cloudfront.net/beaja/c13fdcbcff43c509d59ea67db23d97aa,False
もうすぐ,"[""soon"", ""almost"", ""shortly""]",https://d1vq87e9lcf771.cloudfront.net/beaja/baceced4da569c6524c54674f8427128,False
あさくさ,"[""Asakusa""]",https://d1vq87e9lcf771.cloudfront.net/beaja/1f2e18c4067c2a5ae5027996b9f4dcf0,False
うえのこうえん,"[""Ueno Park""]",https://d1vq87e9lcf771.cloudfront.net/beaja/3143bc27af8300697079d2f0d5dd7eaf,False
来ます,"[""will be here"", ""will come"", ""is coming"", ""comes"", ""come"", ""are coming"", ""coming""]",https://d1vq87e9lcf771.cloudfront.net/beaja/33c505f7990be6b652ed576c2473864a,False
つぎの,"[""next""]",https://d1vq87e9lcf771.cloudfront.net/beaja/f3607e42c5bc272b0bf037d24170cdff,False
つぎ,"[""next""]",https://d1vq87e9lcf771.cloudfront.net/beaja/489ac3d472679c250cfa72a91b7373f5,False
よこはま,"[""Yokohama""]",https://d1vq87e9lcf771.cloudfront.net/beaja/425359207aef87cd6d09b4e5e1e0007e,False
バス,"[""bus""]",https://d1vq87e9lcf771.cloudfront.net/beaja/f862cbf8532371726af30e838cc0e98c,False
あきはばら,"[""Akihabara""]",https://d1vq87e9lcf771.cloudfront.net/beaja/c3ea6c6828f2c3e42dcd2ce695ee64d9,False
しぶや,"[""Shibuya""]",https://d1vq87e9lcf771.cloudfront.net/beaja/254ab2967f5f054f008ce842157fc522,False
行きます,"[""am going"", ""are going"", ""go"", ""(will) go"", ""going"", ""is going"", ""goes"", ""(I) go"", ""am going to go"", ""I'm going"", ""will be there""]",https://d1vq87e9lcf771.cloudfront.net/beaja/a5c7f64528d1f95d82fcede3584499ac,False
でんしゃ,"[""train""]",https://d1vq87e9lcf771.cloudfront.net/beaja/6999fb531681ec65a39e883cc7a13221,False
こんしゅう,"[""this week""]",https://d1vq87e9lcf771.cloudfront.net/beaja/3b39fee02d24e17d706269f30dda64ee,False
いつ,"[""when"", ""what time""]",https://d1vq87e9lcf771.cloudfront.net/beaja/39aa72c0d7e8326596181ab7549b8943,False
つくえ,"[""desk""]",https://d1vq87e9lcf771.cloudfront.net/beaja/50fc1064856cc5738d24649bd8c805e4,False
せんたくき,"[""washing machine""]",https://d1vq87e9lcf771.cloudfront.net/beaja/553ef2466aaa994cfd95029bdfb6dd57,False
れいぞうこ,"[""fridge""]",https://d1vq87e9lcf771.cloudfront.net/beaja/9607e9fd9d7d0b5b85a90833053943c5,False
いす,"[""chair"", ""chairs""]",https://d1vq87e9lcf771.cloudfront.net/beaja/5692e6ba31025f0f2fd23f89f35d2f6a,False
テーブル,"[""table"", ""tables""]",https://d1vq87e9lcf771.cloudfront.net/beaja/d6d3c610e3c6751593144b556dc8634e,False
でんしレンジ,"[""microwave""]",https://d1vq87e9lcf771.cloudfront.net/beaja/15f4fa1087072d8f6af7c41937d6a64e,False
ふとん,"[""futon"", ""futons""]",https://d1vq87e9lcf771.cloudfront.net/beaja/98b0fef253d82f2a5663c59345283c8a,False
たぶん,"[""probably""]",https://d1vq87e9lcf771.cloudfront.net/beaja/d19ee0c95a28949de1d11e3972dccd61,False
ほんだな,"[""bookshelf""]",https://d1vq87e9lcf771.cloudfront.net/beaja/bde1c1b6901836d2bb9f38566e82b3b4,False
シャワー,"[""shower"", ""showers""]",https://d1vq87e9lcf771.cloudfront.net/beaja/3ebcad1c706b65e20e0df7e8237e8dc5,False
そうじき,"[""vacuum cleaner""]",https://d1vq87e9lcf771.cloudfront.net/beaja/b8e2d8297044e5d903c0f60014b858cc,False
エアコン,"[""air conditioning"", ""air conditioners"", ""air conditioner"", ""conditioners""]",https://d1vq87e9lcf771.cloudfront.net/beaja/acd47dc37688dd5a544c62bf722554e5,False
ベッド,"[""bed"", ""beds""]",https://d1vq87e9lcf771.cloudfront.net/beaja/c3cd9b7d27654171c6e745f744a0265a,False
せまい,"[""cramped""]",https://d1vq87e9lcf771.cloudfront.net/beaja/233a45795a8736ea1fe77f4b8e513527,False
リビング,"[""living room""]",https://d1vq87e9lcf771.cloudfront.net/beaja/100b427bbd8d6d3c81093becf78a9966,False
キッチン,"[""kitchen""]",https://d1vq87e9lcf771.cloudfront.net/beaja/754e0b60d63059c1b5f30b22b3bc9e14,False
があります,"[""is"", ""there is"", ""there are"", ""are"", ""has"", ""there's"", ""have""]",https://d1vq87e9lcf771.cloudfront.net/beaja/707283f8dcdbfeb58bd3169e2ac6f8b4,False
アパート,"[""apartment building"", ""apartment"", ""apartments""]",https://d1vq87e9lcf771.cloudfront.net/beaja/7c433db6edd728dc8cd12fca143cc211,False
ひっこします,"[""am going to move"", ""is going to move"", ""move""]",https://d1vq87e9lcf771.cloudfront.net/beaja/1ba3bfa20222233abcf0739b3323a03f,False
まだ,"[""still"", ""yet"", ""too""]",https://d1vq87e9lcf771.cloudfront.net/beaja/b913c81bd21b6fe8a7cc707ce2902c63,False
ひろい,"[""spacious""]",https://d1vq87e9lcf771.cloudfront.net/beaja/9526fae353db320f874cf2c0fcbbd798,False
いえ,"[""house""]",https://d1vq87e9lcf771.cloudfront.net/beaja/68261b358c27e881dad9a95f552adc87,False
れんあい,"[""romance""]",https://d1vq87e9lcf771.cloudfront.net/beaja/57453c2e08a62f9c6e92790a5e7dbf27,False
コメディ,"[""comedy""]",https://d1vq87e9lcf771.cloudfront.net/beaja/723c76c094365eadc66bd3acb6e03870,False
ほんとうですか,"[""Really?""]",https://d1vq87e9lcf771.cloudfront.net/beaja/75f19f789608e051bba297f09408c151,False
アクション,"[""action""]",https://d1vq87e9lcf771.cloudfront.net/beaja/71944175d42650eec2c93a789eed24ea,False
アメリカの,"[""... of the US"", ""American"", ""... of the United States""]",https://d1vq87e9lcf771.cloudfront.net/beaja/d2528e302720acc9b9b8cd61421b0d73,False
どんな,"[""any"", ""what kind of"", ""what (sort of)"", ""what (type of)"", ""how"", ""what""]",https://d1vq87e9lcf771.cloudfront.net/beaja/a566a374bba6fabfb130b07864c25faa,False
ファンタジー,"[""fantasy""]",https://d1vq87e9lcf771.cloudfront.net/beaja/82a0a33a6b2b418aa00d5f74673716e1,False
ホラー,"[""horror""]",https://d1vq87e9lcf771.cloudfront.net/beaja/a015bc465d772311215b9bc4109cabe3,False
がすきですか,"[""do you like""]",https://d1vq87e9lcf771.cloudfront.net/beaja/6c459aa7aa3c8e1b7165c6076aaf536d,False
しゅみはありますか,"[""do you have a hobby""]",https://d1vq87e9lcf771.cloudfront.net/beaja/3aaaa597e20878eb7a933235edeaad69,False
ミステリー,"[""mystery""]",https://d1vq87e9lcf771.cloudfront.net/beaja/c3b8b8aa7564477bf6210a86b9b5d10e,False
Kポップ,"[""K-pop""]",https://d1vq87e9lcf771.cloudfront.net/beaja/599f6e3dea4285f047e78abf35a5414f,False
日本の,"[""Japan's"", ""of Japan"", ""Japanese""]",https://d1vq87e9lcf771.cloudfront.net/beaja/b8142c05b85bf3d1bfdfa063657cdaf0,False
がすきです,"[""like""]",https://d1vq87e9lcf771.cloudfront.net/beaja/ad18196d0eb843bf33eb210398ed442e,False
ベトナム,"[""Vietnam""]",https://d1vq87e9lcf771.cloudfront.net/beaja/54b463142194122c35b3f184b3387998,False
かんこく,"[""Korea"", ""korean""]",https://d1vq87e9lcf771.cloudfront.net/beaja/55f2e328e53484da828a8ab70beeb51b,False
かのじょ,"[""she"", ""girlfriend"", ""her""]",https://d1vq87e9lcf771.cloudfront.net/beaja/27d183402bce911a63637c51f18f5a5f,False
ちゅうごく,"[""China""]",https://d1vq87e9lcf771.cloudfront.net/beaja/5d8319b5dd0abe1d3d7e5390573fea0a,False
さんは,"[""Mr./Ms.""]",https://d1vq87e9lcf771.cloudfront.net/beaja/37ef9f29b9a32bad8febcc89c386dc68,False
かれし,"[""boyfriend""]",https://d1vq87e9lcf771.cloudfront.net/beaja/f3ddbe3d296a8b4947cd1a1dcd7b4d2a,False
アンドリュー,"[""Andrew""]",https://d1vq87e9lcf771.cloudfront.net/beaja/b9a3018761adc2cd7b7326e7f5c615f9,False
と言います,"[""tell"", ""say"", ""says"", ""is named"", ""is called"", ""my name is"", ""tells""]",https://d1vq87e9lcf771.cloudfront.net/beaja/39cb36f752e4aa90b42cd1258a834b2e,False
エリカ,"[""Erica"", ""Erika""]",https://d1vq87e9lcf771.cloudfront.net/beaja/f5e2ea81182950fdf40b704fb31722c6,False
言います,"[""tell"", ""tells"", ""say"", ""says"", ""insist""]",https://d1vq87e9lcf771.cloudfront.net/beaja/33e381f1dc84b2e6278c2f4dcec5821a,False
こちら,"[""this"", ""these"", ""(over) here"", ""this way""]",https://d1vq87e9lcf771.cloudfront.net/beaja/9607559a43c03719406e8f0c496cb8c9,False
ダニエル,"[""Daniel""]",https://d1vq87e9lcf771.cloudfront.net/beaja/09a09ee520c18487dfd21d0dcac035d9,False
はしります,"[""runs"", ""run""]",https://d1vq87e9lcf771.cloudfront.net/beaja/fcac67a19ec8caa1358e3cf5dd6576e5,False
飲みます,"[""will have"", ""drink"", ""having"", ""drinks"", ""am going to drink"", ""have"", ""will drink"", ""take""]",https://d1vq87e9lcf771.cloudfront.net/beaja/dadddfeceb29df03c2839b50c0bde83c,False
パスタ,"[""pasta""]",https://d1vq87e9lcf771.cloudfront.net/beaja/9d99c32f2d17c06dd26b86993b6d6e23,False
ねます,"[""sleep"", ""go to sleep"", ""will go to sleep"", ""am going to sleep""]",https://d1vq87e9lcf771.cloudfront.net/beaja/b806cc1051c3a5c6772e8f02832fd79d,False
シャワーをあびます,"[""take a shower""]",https://d1vq87e9lcf771.cloudfront.net/beaja/3d25320230c8c15adc28f17b4468a519,False
メールを読みます,"[""check emails""]",https://d1vq87e9lcf771.cloudfront.net/beaja/27c05e3551eb3d53b5ce8651ba87224e,False
あした,"[""tomorrow""]",https://d1vq87e9lcf771.cloudfront.net/beaja/0ee445ebf2add72bf74be3f58b75d45b,False
らいしゅう,"[""next week""]",https://d1vq87e9lcf771.cloudfront.net/beaja/c758fe7f3cec337effb4a01296b0d20d,False
バレーボール,"[""volleyball""]",https://d1vq87e9lcf771.cloudfront.net/beaja/2307437eb3616b4c11db0d7795d0d1ed,False
まいしゅう,"[""every week""]",https://d1vq87e9lcf771.cloudfront.net/beaja/1d2d6d2f5ee7494238679e451a485ed5,False
四時,"[""four o'clock""]",https://d1vq87e9lcf771.cloudfront.net/beaja/b80733dcb8a122a5c7fc785aa5cb8678,False
つくります,"[""make""]",https://d1vq87e9lcf771.cloudfront.net/beaja/0a303eb6b01816d6d130f9e27a904ffb,False
食べます,"[""eat"", ""am going to eat"", ""will eat"", ""eats"", ""(will) have"", ""has"", ""are going to eat""]",https://d1vq87e9lcf771.cloudfront.net/beaja/cbea822aa60603be7f4d915b26c42eb4,False
何時に,"[""(at) what time""]",https://d1vq87e9lcf771.cloudfront.net/beaja/68ce8e597a24656268c5ce340184cd56,False
おきます,"[""get up"", ""going to wake up"", ""wake up"", ""wakes up"", ""ahead of time"", ""puts"", ""(will) put"", ""in advance"", ""going to get up""]",https://d1vq87e9lcf771.cloudfront.net/beaja/09a63678430384b09be549418d1ada5d,False
新聞,"[""newspaper""]",https://d1vq87e9lcf771.cloudfront.net/beaja/961f9b75f23eb4e439a08b4f8c9b4ec4,False
ラジオ,"[""radio""]",https://d1vq87e9lcf771.cloudfront.net/beaja/85fbe275b214d3211a97c8d904e8e302,False
何時,"[""when"", ""what time""]",https://d1vq87e9lcf771.cloudfront.net/beaja/bacaa6ffd3b81b133fc600b5e4e62e9f,False
いつも,"[""always"", ""all the time"", ""never"", ""usual""]",https://d1vq87e9lcf771.cloudfront.net/beaja/2eb40f4c6939c3bc7f059e4df07874a3,False
でぐち,"[""exit""]",https://d1vq87e9lcf771.cloudfront.net/beaja/8a37e1c6668b2a4f472a7580d7059a77,False
じはんき,"[""vending machines"", ""vending machine""]",https://d1vq87e9lcf771.cloudfront.net/beaja/01eb5e3e5a864a6937e61b8827a49c5f,False
コインロッカー,"[""storage lockers""]",https://d1vq87e9lcf771.cloudfront.net/beaja/f1732a16caef333de689e5e99f95a39a,False
ちかい,"[""close""]",https://d1vq87e9lcf771.cloudfront.net/beaja/46b43143ec10ca84ff8bb4225ad8dc83,False
カフェ,"[""cafe""]",https://d1vq87e9lcf771.cloudfront.net/beaja/074c77bff03b18bd644a4a272532ce54,False
にかい,"[""the second floor"", ""two""]",https://d1vq87e9lcf771.cloudfront.net/beaja/457b389026a93435c58e4bd52925156f,False
かいだん,"[""stairs""]",https://d1vq87e9lcf771.cloudfront.net/beaja/b05721a8ae20d4b549e2ad01142f7220,False
コンセント,"[""outlet""]",https://d1vq87e9lcf771.cloudfront.net/beaja/dbac0630035031f7fe0e1a51090ac0d7,False
とおい,"[""far""]",https://d1vq87e9lcf771.cloudfront.net/beaja/386013cd77eacc94bac61a1aafea3e73,False
でんわ,"[""phone""]",https://d1vq87e9lcf771.cloudfront.net/beaja/4f4ebe01c8c20d94ab49b64ea9a25728,False
ちか,"[""underground level""]",https://d1vq87e9lcf771.cloudfront.net/beaja/4b6e274fb43b51a612e48995f128861a,False
タクシー,"[""taxi""]",https://d1vq87e9lcf771.cloudfront.net/beaja/872810662a36e20b68a62ba7151964e0,False
エレベーター,"[""elevator""]",https://d1vq87e9lcf771.cloudfront.net/beaja/6f9399a757cccccd56529a8a896295db,False
おてあらい,"[""restroom""]",https://d1vq87e9lcf771.cloudfront.net/beaja/ddfaf22d0b4a7cbd95891f2309d59230,False
wifi,"[""wifi""]",https://d1vq87e9lcf771.cloudfront.net/beaja/da15cec28402771eba4d9ae82993629d,False
ありません,"[""there are no"", ""(it) is not"", ""has nothing"", ""is not available"", ""there is not a"", ""has no"", ""am not"", ""has neither"", ""doesn't have"", ""is not"", ""are not"", ""is missing"", ""does not have"", ""do not have"", ""there is no"", ""missing"", ""have no"", ""are""]",https://d1vq87e9lcf771.cloudfront.net/beaja/2cc5a20d74419d56804d72174db747a0,False
ゴミばこ,"[""trash can""]",https://d1vq87e9lcf771.cloudfront.net/beaja/c2c776cbe548cea0c3366bf13c62f832,False
のりかえ,"[""transfer""]",https://d1vq87e9lcf771.cloudfront.net/beaja/93c65cf7d77a925565a5059e0ff6949b,False
あそこ,"[""over there""]",https://d1vq87e9lcf771.cloudfront.net/beaja/8157715f74586c70f968ca21ffe4d4fb,False
かいさつ,"[""ticket gate""]",https://d1vq87e9lcf771.cloudfront.net/beaja/7f54ded56659e7e31f9503e0398e61a3,False
ありますか,"[""is (there)"", ""is (it)"", ""are (there)"", ""... is ... ?"", ""do ... have"", ""does ... have"", ""Is there ... ?""]",https://d1vq87e9lcf771.cloudfront.net/beaja/15924122a9d6a0eb97bfd6fb0a1bb60a,False
いっかい,"[""first floor""]",https://d1vq87e9lcf771.cloudfront.net/beaja/1da2fb9b153d05ac65454b831590ac4e,False
ホーム,"[""platform""]",https://d1vq87e9lcf771.cloudfront.net/beaja/a2dcbccdb16c98a1a448a04c249f946c,False
どうが,"[""video""]",https://d1vq87e9lcf771.cloudfront.net/chotan/8d1a4c72fd4a3fd4326b767e7d2d2dde,False
じゅうどう,"[""judo""]",https://d1vq87e9lcf771.cloudfront.net/beaja/305cd9c60d1dd31ba8e0729ffe9b7c20,False
テニス,"[""tennis""]",https://d1vq87e9lcf771.cloudfront.net/beaja/f353f8b18323a51bcd7ee6070c10be77,False
話します,"[""speaks"", ""speak"", ""tells"", ""talks"", ""talk"", ""tell""]",https://d1vq87e9lcf771.cloudfront.net/beaja/1684c5f6921c46fdd7034bf6507b7df7,False
日曜日,"[""Sunday""]",https://d1vq87e9lcf771.cloudfront.net/beaja/677ce6815c5e39c49c17aee3255678c7,False
ゲーム,"[""video games""]",https://d1vq87e9lcf771.cloudfront.net/beaja/41375c4f8a589ffa5122624f58ad23de,False
からて,"[""karate""]",https://d1vq87e9lcf771.cloudfront.net/beaja/86c3e077f1137d7399e847264429e3be,False
でかけます,"[""go out"", ""am going to go out""]",https://d1vq87e9lcf771.cloudfront.net/beaja/2691fa567c23f27c39b83cec64bc60ec,False
土曜日,"[""Saturday"", ""Saturdays""]",https://d1vq87e9lcf771.cloudfront.net/beaja/879c96a7a1b114c748bf13a52c15ec27,False
買います,"[""will buy""]",https://d1vq87e9lcf771.cloudfront.net/beaja/511a0128995b8ea65f05facd79beb073,False
スポーツ,"[""sports""]",https://d1vq87e9lcf771.cloudfront.net/beaja/cc71f53ec0c2c338783e0a5360099fef,False
ヨガ,"[""yoga""]",https://d1vq87e9lcf771.cloudfront.net/beaja/dfa6923c3271e41028a7cb6dd5510f16,False
ともだち,"[""friend"", ""friends""]",https://d1vq87e9lcf771.cloudfront.net/beaja/50e4815bbf8a79de8b6c208143dc82a8,False
ドラマ,"[""drama""]",https://d1vq87e9lcf771.cloudfront.net/beaja/eeb3337d152cf2a5e84cd095e7126846,False
あそびます,"[""hang out"", ""hangs out"", ""(I) will play"", ""play"", ""plays"", ""will hang out""]",https://d1vq87e9lcf771.cloudfront.net/beaja/4801ac093440fc651ee6cc228b6c8f7f,False
およぎます,"[""swim"", ""will swim"", ""swims"", ""am going to swim""]",https://d1vq87e9lcf771.cloudfront.net/beaja/63b7862267f2ae1553449759c4d500f9,False
しゅうまつ,"[""weekend""]",https://d1vq87e9lcf771.cloudfront.net/beaja/cb473f467038890f2ecfe08ab51f3e90,False
ひとりで,"[""by myself"", ""by herself"", ""alone"", ""by himself"", ""on my own""]",https://d1vq87e9lcf771.cloudfront.net/beaja/54bcb6a3cc197242375261fbf220599b,False
アイスコーヒー,"[""iced coffee""]",https://d1vq87e9lcf771.cloudfront.net/beaja/5045e006970b7b78c1725c4136639beb,False
アイスクリーム,"[""ice cream"", ""ice creams""]",https://d1vq87e9lcf771.cloudfront.net/beaja/da95d91bf0a7c496345416f32332a220,False
こうちゃ,"[""black teas"", ""black tea"", ""tea""]",https://d1vq87e9lcf771.cloudfront.net/beaja/c98caf212a7cac3f60d305055e8b08a0,False
小さい,"[""small"", ""little""]",https://d1vq87e9lcf771.cloudfront.net/beaja/30a6ca85db90b93a38aecd83a7ba3c7f,False
すこし,"[""a bit""]",https://d1vq87e9lcf771.cloudfront.net/beaja/c2b5468b0d75406c9e7436c2d11b40fe,False
みそしる,"[""miso soup""]",https://d1vq87e9lcf771.cloudfront.net/beaja/93ec686e2c43d31e37e9bb05e1cad334,False
サラダ,"[""salad"", ""salads""]",https://d1vq87e9lcf771.cloudfront.net/beaja/4be354283777f31740be24b519e5134b,False
そば,"[""soba""]",https://d1vq87e9lcf771.cloudfront.net/beaja/6f79364872c660b5875f789873fbcfeb,False
大きい,"[""big""]",https://d1vq87e9lcf771.cloudfront.net/beaja/2fecd1ba7e6656f8b3bfbfaa22cae650,False
おにぎり,"[""rice balls"", ""rice ball"", ""onigiri""]",https://d1vq87e9lcf771.cloudfront.net/beaja/35fd1d3972c0b3d763232ba5dffcec59,False
よっつ,"[""four""]",https://d1vq87e9lcf771.cloudfront.net/beaja/fe9713f1b23f623e3f0abf30e4d47388,False
ええと,"[""um""]",https://d1vq87e9lcf771.cloudfront.net/beaja/3d8132fef1dde7daab22568f126b6ab3,False
みっつ,"[""three""]",https://d1vq87e9lcf771.cloudfront.net/beaja/37b6f66cb3df734ab5c928919565f7d8,False
じゃあ,"[""well then"", ""well"", ""see you"", ""so"", ""bye"", ""okay then""]",https://d1vq87e9lcf771.cloudfront.net/beaja/94c38242caa760797e8dbad597ecb657,False
ふたつ,"[""two""]",https://d1vq87e9lcf771.cloudfront.net/beaja/c8dce501b6c86fcef29474123b1cc1ad,False
あ,"[""ah"", ""oh""]",https://d1vq87e9lcf771.cloudfront.net/beaja/814397a1fba9533bb9e08f2e065844b1,False
ひとつ,"[""one""]",https://d1vq87e9lcf771.cloudfront.net/beaja/43c4c1d49ca1e79cb70af195d73bb9fa,False
水,"[""water"", ""waters""]",https://d1vq87e9lcf771.cloudfront.net/beaja/393807b9c5b2b3b866dcc1fa9d82e5df,False
レストラン,"[""restaurant""]",https://d1vq87e9lcf771.cloudfront.net/beaja/1154dfbc38d673b9b1f0c9eb1d1f04e4,False
ていしょく,"[""meal set"", ""meal sets""]",https://d1vq87e9lcf771.cloudfront.net/beaja/1a014b9eb433ffed64b64627a844fa07,False
うどん,"[""udon""]",https://d1vq87e9lcf771.cloudfront.net/beaja/1bc9aaf54c260b9ff36158235892edfe,False
てんぷら,"[""tempura""]",https://d1vq87e9lcf771.cloudfront.net/beaja/14bbf7b937ec2c11c6c57b150615d8a2,False
ジャケット,"[""jacket""]",https://d1vq87e9lcf771.cloudfront.net/beaja/b305aa17236ce6915b21b936cdb95b51,False
たかい,"[""expensive"", ""big"", ""tall""]",https://d1vq87e9lcf771.cloudfront.net/beaja/eb4a29ac210bc7c88bac588c8df7f2ab,False
くろい,"[""black""]",https://d1vq87e9lcf771.cloudfront.net/beaja/2edeabb77f02ab38b37fe5b524e9b5b8,False
みせ,"[""store""]",https://d1vq87e9lcf771.cloudfront.net/beaja/12efd0581b9ddb7ac6be09893157c423,False
ありがとうございます,"[""thank you""]",https://d1vq87e9lcf771.cloudfront.net/beaja/c692aacb2951b190c2f1e506fb6905cc,False
千,"[""thousand""]",https://d1vq87e9lcf771.cloudfront.net/beaja/658fe8f1722fc2cea24f273bc1bc021a,False
いくら,"[""how much""]",https://d1vq87e9lcf771.cloudfront.net/beaja/9a5a3312f494a5c0f65b497136eb5b9c,False
ネクタイ,"[""tie"", ""necktie"", ""ties""]",https://d1vq87e9lcf771.cloudfront.net/beaja/b52b835e2da8adc9cda55235fe282ba7,False
えん,"[""yen""]",https://d1vq87e9lcf771.cloudfront.net/beaja/979ebf44e07f85c9f124cdcbf98f9d20,False
やすい,"[""cheap"", ""inexpensive""]",https://d1vq87e9lcf771.cloudfront.net/beaja/038f27a2566b6222c36c892b744e056b,False
百,"[""hundred""]",https://d1vq87e9lcf771.cloudfront.net/beaja/5614f349e37b9f4097d36e930e12acd1,False
あの,"[""those"", ""ah"", ""that (over there)"", ""um"", ""those (over there)"", ""that""]",https://d1vq87e9lcf771.cloudfront.net/beaja/7fe2dbe023cfd4a0a99d94123e8b9a82,False
あおい,"[""blue""]",https://d1vq87e9lcf771.cloudfront.net/beaja/89d74ecb154ae187921058920214a57e,False
いい,"[""good"", ""like"", ""well"", ""do you want"", ""may I"", ""fine"", ""alright"", ""prefer"", ""hope"", ""best"", ""okay"", ""nice""]",https://d1vq87e9lcf771.cloudfront.net/beaja/9d8a8217889d8ee67f2d808d6a316ee6,False
ドレス,"[""dress""]",https://d1vq87e9lcf771.cloudfront.net/beaja/69fcf8695ff0285bff2f3dfef9ef53bb,False
すてき,"[""lovely"", ""nice"", ""cute""]",https://d1vq87e9lcf771.cloudfront.net/beaja/fd4d605c746c61deef79c975fa952383,False
がほしいです,"[""want""]",https://d1vq87e9lcf771.cloudfront.net/beaja/ea041a228822590d7845cb838222bac4,False
スカート,"[""skirt""]",https://d1vq87e9lcf771.cloudfront.net/beaja/fbcb5c982b6575844c7ba672b8317219,False
Tシャツ,"[""t-shirt""]",https://d1vq87e9lcf771.cloudfront.net/beaja/9a95ae6a45585a228cc051fc12090217,False
新しい,"[""new"", ""newer""]",https://d1vq87e9lcf771.cloudfront.net/beaja/1ac88dfdbb182632fa45eb239b2870a2,False
ね,"[""isn't it?""]",https://d1vq87e9lcf771.cloudfront.net/beaja/c90b73c62340a1482d4125b95d8d834c,False
ふく,"[""clothes""]",https://d1vq87e9lcf771.cloudfront.net/beaja/6ab2b86fb5879633d9b62c59df15741f,False
ダサい,"[""hideous""]",https://d1vq87e9lcf771.cloudfront.net/beaja/cf6f231cd631b7b407560292f7c632e6,False
はちょっと,"[""I don't really like"", ""doesn't work very well"", ""kind of""]",https://d1vq87e9lcf771.cloudfront.net/beaja/036c3ce9fff4e337624943de2f30e078,False
さいふ,"[""wallet""]",https://d1vq87e9lcf771.cloudfront.net/beaja/591e15724e40bd87dce46e1ac144b9f7,False
古い,"[""old""]",https://d1vq87e9lcf771.cloudfront.net/beaja/4879b62a8d1ab26552321237b8721fa1,False
ばんごはん,"[""dinner""]",https://d1vq87e9lcf771.cloudfront.net/beaja/d762e2cb3cdea5eb6132d0ea3f6a698a,False
まいばん,"[""every night""]",https://d1vq87e9lcf771.cloudfront.net/beaja/fb8a5ca6718051f60e088f17cb532375,False
九時,"[""nine o'clock""]",https://d1vq87e9lcf771.cloudfront.net/beaja/757f6c1ab403f7827bee5c65182e8f59,False
半,"[""thirty""]",https://d1vq87e9lcf771.cloudfront.net/beaja/d10d432788e726f7e81bbe7015c1dfa9,False
八,"[""eight""]",https://d1vq87e9lcf771.cloudfront.net/beaja/9a8aa616555bc9ddfc41090761cbe2c1,False
べんとう,"[""boxed lunch""]",https://d1vq87e9lcf771.cloudfront.net/beaja/1623c729a0c64887ee41d6ff8ab8e5e9,False
ひるごはん,"[""lunch""]",https://d1vq87e9lcf771.cloudfront.net/beaja/f537d2baac38af7963ea7c846d907b6c,False
十二,"[""twelve""]",https://d1vq87e9lcf771.cloudfront.net/beaja/35c08f5968329b37535546b8b533fd09,False
十,"[""ten""]",https://d1vq87e9lcf771.cloudfront.net/beaja/9bf54f4f97699e03b8cd0062cc9696c1,False
十一,"[""eleven""]",https://d1vq87e9lcf771.cloudfront.net/beaja/7cfc083d77166ab8e4065f59e408a048,False
あさごはん,"[""breakfast""]",https://d1vq87e9lcf771.cloudfront.net/beaja/4d09be8698d0fd75b7fd59cb8ea2221c,False
七時,"[""seven o'clock""]",https://d1vq87e9lcf771.cloudfront.net/beaja/08a6848d3ba21967e385d5b0d711edce,False
時,"[""o'clock""]",https://d1vq87e9lcf771.cloudfront.net/beaja/f29f05b1e9b381a48c74482fbe0543fa,False
コーヒー,"[""coffee""]",https://d1vq87e9lcf771.cloudfront.net/beaja/6d4b5d2b7e69163b9662c95ebc439ee6,False
まいあさ,"[""every morning""]",https://d1vq87e9lcf771.cloudfront.net/beaja/f9b0716bffc79beb452e7ad4342285b3,False
のみます,"[""drink"", ""drinks"", ""(will) drink"", ""take""]",https://d1vq87e9lcf771.cloudfront.net/beaja/a9560d438d2595406c7d8dbe69eaac46,False
ジュース,"[""juice""]",https://d1vq87e9lcf771.cloudfront.net/beaja/0eeaf0fdfcd5d4a42cda8b4f894e2c07,False
まいにち,"[""every day""]",https://d1vq87e9lcf771.cloudfront.net/chotan/8f02b4b1f79370e677ca3b1cb28b45e0,False
パン,"[""bread""]",https://d1vq87e9lcf771.cloudfront.net/beaja/0ae5ba4b0a7e81f2f8bc8873fb5efa48,False
サンドイッチ,"[""sandwich""]",https://d1vq87e9lcf771.cloudfront.net/beaja/b5e0e96523c399383aaf72e434e32d09,False
たべます,"[""eat"", ""eats""]",https://d1vq87e9lcf771.cloudfront.net/beaja/8c6f88aca906bbbd2c9b19047e79b1e6,False
Jポップ,"[""J-pop""]",https://d1vq87e9lcf771.cloudfront.net/beaja/52f35d889ddfac8e00bd9ac553006bed,False
まんが,"[""manga""]",https://d1vq87e9lcf771.cloudfront.net/beaja/2c826b20154dbfd1b2b2f3153e8a30c4,False
アニメ,"[""anime""]",https://d1vq87e9lcf771.cloudfront.net/beaja/9e4d71d4ecdf32083683e52fc10ce9a9,False
やきゅう,"[""baseball""]",https://d1vq87e9lcf771.cloudfront.net/beaja/6edde985586930c300485a438a5963ef,False
ざっし,"[""magazines""]",https://d1vq87e9lcf771.cloudfront.net/beaja/b50ed8260616b450ff3bc909df03b63c,False
本,"[""books""]",https://d1vq87e9lcf771.cloudfront.net/beaja/884a0d08d1808509a162890a47fb5477,False
読みます,"[""read"", ""will read"", ""reads"", ""going to read""]",https://d1vq87e9lcf771.cloudfront.net/beaja/8d663da85c5d1f3a6ab33fc216f87116,False
ニュース,"[""news""]",https://d1vq87e9lcf771.cloudfront.net/beaja/455e428889de82fa0f7b15952bb5dc12,False
おんがく,"[""music""]",https://d1vq87e9lcf771.cloudfront.net/beaja/013341acc4e0f493df150ac2b6ca3005,False
ロック,"[""rock""]",https://d1vq87e9lcf771.cloudfront.net/beaja/d4b137f666f28d8e03b2652bd4667ea4,False
ききます,"[""listen"", ""listens"", ""ask""]",https://d1vq87e9lcf771.cloudfront.net/beaja/61a09cb2718d96bb2b7b67b395043944,False
ジャズ,"[""jazz""]",https://d1vq87e9lcf771.cloudfront.net/beaja/b5459e42a75bf35353e9b848d9f23dc6,False
サッカー,"[""soccer""]",https://d1vq87e9lcf771.cloudfront.net/beaja/c878da262b4d6a4f571255bbdaf2cd1d,False
ときどき,"[""sometimes""]",https://d1vq87e9lcf771.cloudfront.net/beaja/c87f557c0da647bc430eadf4d710291f,False
します,"[""makes"", ""are doing"", ""make"", ""feel"", ""wears"", ""am going to do"", ""would do"", ""play"", ""having"", ""will (have)"", ""plays"", ""do"", ""does"", ""have"", ""I'm doing"", ""am going to play"", ""give"", ""going to have"", ""doing""]",https://d1vq87e9lcf771.cloudfront.net/beaja/cbb39ea3761b81ffc3f82c148ea0dbcb,False
バスケットボール,"[""basketball""]",https://d1vq87e9lcf771.cloudfront.net/beaja/6751311e7da748a375eef50dc919f428,False
を,"[""through"", ""with"", ""for"", ""upon"", ""along"", ""at"", ""on"", ""about"", ""to"", ""of"", ""(object marker)"", ""from"", ""in""]",https://d1vq87e9lcf771.cloudfront.net/beaja/06847275ffea30a3a4206e34e3930b60,False
よく,"[""often""]",https://d1vq87e9lcf771.cloudfront.net/beaja/043aaf1d94b745f66448f6afd06c3d3b,False
えいが,"[""movies""]",https://d1vq87e9lcf771.cloudfront.net/beaja/b474793fbcc55d4301abb9e31574e799,False
テレビ,"[""TV""]",https://d1vq87e9lcf771.cloudfront.net/beaja/bda20782572979fe9806bb9ab317c974,False
見ます,"[""watch"", ""will watch"", ""watches"", ""looks at"", ""look at"", ""see"", ""look"", ""sees"", ""(I) watch""]",https://d1vq87e9lcf771.cloudfront.net/beaja/7a9f603f79ef46656f26c4d27779aec9,False
おっと,"[""my husband""]",https://d1vq87e9lcf771.cloudfront.net/beaja/48346f1537c9cdc3db5beadc0c9057cd,False
七,"[""7"", ""seven"", ""seventh""]",https://d1vq87e9lcf771.cloudfront.net/beaja/7ab8b7fcecc5744fb2868e5c54f7efd1,False
あたまがいい,"[""smart""]",https://d1vq87e9lcf771.cloudfront.net/beaja/ce2e1def60d13fba8d0c03ad710a5eb4,False
むすこ,"[""my son""]",https://d1vq87e9lcf771.cloudfront.net/beaja/09a0c7bbc41a31b7ab25e368186df0eb,False
おしゃれ,"[""fashionable"", ""stylish"", ""well-dressed""]",https://d1vq87e9lcf771.cloudfront.net/beaja/25f45ad5e36d3361ecf3d377f6a12327,False
むすめ,"[""my daughter""]",https://d1vq87e9lcf771.cloudfront.net/beaja/9fdee6b0487b4174cf2652f71c75ef64,False
六,"[""six""]",https://d1vq87e9lcf771.cloudfront.net/beaja/cbc7b2e5cf7ae60f70749fdb2cee7902,False
つま,"[""my wife""]",https://d1vq87e9lcf771.cloudfront.net/beaja/719752ce3e27f5cfbe479664c6b68420,False
だいがくせい,"[""college student""]",https://d1vq87e9lcf771.cloudfront.net/beaja/e653fb4da87a5a65089cc98c5e0bb7e8,False
ゆうめい,"[""famous""]",https://d1vq87e9lcf771.cloudfront.net/beaja/173421448cbab95b4f6f5515cdef1ae0,False
かんごし,"[""nurse""]",https://d1vq87e9lcf771.cloudfront.net/beaja/937872d65dcab90eadf7e4ea0c243200,False
おとうと,"[""my younger brother""]",https://d1vq87e9lcf771.cloudfront.net/beaja/43e85ed08215a35cac161d631b8b1b58,False
うるさい,"[""noisy""]",https://d1vq87e9lcf771.cloudfront.net/beaja/440071fefc887f14920ae92adf61238b,False
五,"[""5"", ""five""]",https://d1vq87e9lcf771.cloudfront.net/beaja/d2f5b70c5f99a94d5021f4425ad447a6,False
あに,"[""my older brother""]",https://d1vq87e9lcf771.cloudfront.net/beaja/3671b77427428d0c044a63438103f035,False
かいしゃいん,"[""office worker""]",https://d1vq87e9lcf771.cloudfront.net/beaja/3ea8dd5fc75c55183464e036f37263e3,False
あね,"[""my older sister""]",https://d1vq87e9lcf771.cloudfront.net/beaja/d7b4eb237ff2e8ef73c2b95aed80b5ab,False
四,"[""four""]",https://d1vq87e9lcf771.cloudfront.net/beaja/f39d77c2fabbf8a19979ca270ddae1a1,False
いもうと,"[""my younger sister""]",https://d1vq87e9lcf771.cloudfront.net/beaja/851ba6cb99b2b616bac9ca3b36b7351b,False
さい,"[""years old""]",https://d1vq87e9lcf771.cloudfront.net/beaja/35675bd0e3646c12ad99307d1dbee559,False
いそがしい,"[""busy""]",https://d1vq87e9lcf771.cloudfront.net/beaja/539cb45c9403592ede48307b38f30e2e,False
エンジニア,"[""engineer""]",https://d1vq87e9lcf771.cloudfront.net/beaja/181a0bf3ed6dfba9ea93c4a4f714d6f9,False
父,"[""dad""]",https://d1vq87e9lcf771.cloudfront.net/beaja/b0546f96637c44ff9cb133ba9782f7f2,False
かぞく,"[""family""]",https://d1vq87e9lcf771.cloudfront.net/beaja/e2801e8618ff0a8910d28970643e6615,False
母,"[""mom"", ""mother"", ""my mom""]",https://d1vq87e9lcf771.cloudfront.net/beaja/3725ba87ed4d6427c11ff46742596fe4,False
まち,"[""town"", ""wait"", ""city"", ""district"", ""towns""]",https://d1vq87e9lcf771.cloudfront.net/beaja/6ad946db3120bd5a73c498da75ab8482,False
とても,"[""very""]",https://d1vq87e9lcf771.cloudfront.net/beaja/908b84e8025bfe7396de7b1498573440,False
きれい,"[""clean""]",https://d1vq87e9lcf771.cloudfront.net/beaja/2c3ce03a25bec91ce5a96d2ffcebdbba,False
しずか,"[""quiet""]",https://d1vq87e9lcf771.cloudfront.net/beaja/b5930d76b735f09e7b4d5be2eec889eb,False
トロント,"[""Toronto""]",https://d1vq87e9lcf771.cloudfront.net/beaja/a460e0de3fffa8f17a0dc12a51ddae07,False
にぎやか,"[""lively""]",https://d1vq87e9lcf771.cloudfront.net/beaja/9674fd390f272dfd0d8fad8c064c2da5,False
とし,"[""years"", ""cities"", ""city"", ""year""]",https://d1vq87e9lcf771.cloudfront.net/beaja/446aac62c618c01ca086cbfbc60b91ec,False
どう,"[""how (about)"", ""what"", ""how""]",https://d1vq87e9lcf771.cloudfront.net/beaja/ebac9ade631d6f2638d1917715346415,False
日本,"[""Japan"", ""Japanese""]",https://d1vq87e9lcf771.cloudfront.net/beaja/a2a7be0c3f4396c71d13d650590607f7,False
おおさか,"[""Osaka""]",https://d1vq87e9lcf771.cloudfront.net/beaja/04040b9972627c3d887d3bbd1df93ed0,False
京都,"[""Kyoto""]",https://d1vq87e9lcf771.cloudfront.net/beaja/3208c7343ef6b5c0cd787e3462f07e9f,False
にすんでいます,"[""is living""]",https://d1vq87e9lcf771.cloudfront.net/beaja/fade86b97ffa992cac2eab45153f9f8b,False
ニューヨーク,"[""New York""]",https://d1vq87e9lcf771.cloudfront.net/beaja/7db2c40f8e7cb25383af015ca7ba1fe8,False
も,"[""even"", ""any"", ""also"", ""as well"", ""some"", ""as many as"", ""neither ... nor"", ""both ... and"", ""again"", ""too"", ""or"", ""still"", ""and"", ""whole"", ""either""]",https://d1vq87e9lcf771.cloudfront.net/beaja/bcaf904d428df2a963d3d468a1d53480,False
しゅっしん,"[""from"", ""origin"", ""hometown"", ""home country""]",https://d1vq87e9lcf771.cloudfront.net/beaja/908d7c5f3e3bfaa0985ae9074d164fc5,False
東京,"[""Tokyo""]",https://d1vq87e9lcf771.cloudfront.net/beaja/94d4c1582a0d9b1aef13af11b1292391,False
私,"[""I""]",https://d1vq87e9lcf771.cloudfront.net/beaja/e78f19b5f6820108d6fbe6305d1f8779,False
ようこそ,"[""welcome""]",https://d1vq87e9lcf771.cloudfront.net/beaja/df35f8bd809e8fe17dc3e59b588d55bc,False
おはようございます,"[""good morning""]",https://d1vq87e9lcf771.cloudfront.net/beaja/5cb0d58008492c0d3b2a50ad684950a7,False
はじめまして,"[""nice to meet you"", ""how do you do""]",https://d1vq87e9lcf771.cloudfront.net/beaja/c281e078c36e08c22351cbd62cd77657,False
おなまえは,"[""what's your name""]",https://d1vq87e9lcf771.cloudfront.net/beaja/79f9e85e1091eed7cfbda48bea134a54,False
かばん,"[""bag""]",https://d1vq87e9lcf771.cloudfront.net/beaja/df57f4a20a94abdcf981dd2ff4b42464,False
中山,"[""Nakayama""]",https://d1vq87e9lcf771.cloudfront.net/beaja/e568d41e83d7bff4d2b242a8bd5f994b,False
田中,"[""Tanaka""]",https://d1vq87e9lcf771.cloudfront.net/beaja/f09120c07c790335ccb2fccc34830c89,False
山口,"[""Yamaguchi""]",https://d1vq87e9lcf771.cloudfront.net/beaja/46a8ebf2bca98fbd2ac53ed1566f12b1,False
パスポート,"[""passport""]",https://d1vq87e9lcf771.cloudfront.net/beaja/c6878c8807e4fefd00b8ec93898674aa,False
の,"[""for"", ""'s"", ""one"", ""of"", ""s'"", ""’s""]",https://d1vq87e9lcf771.cloudfront.net/beaja/a3410789c099b49229530ffc64ada924,False
スマホ,"[""smartphone""]",https://d1vq87e9lcf771.cloudfront.net/beaja/afd333c3a9d3cbb6475b3f9590a1b019,False
ちず,"[""map""]",https://d1vq87e9lcf771.cloudfront.net/beaja/b946ffe6a24638b884b1427a475d37c7,False
きっぷ,"[""ticket""]",https://d1vq87e9lcf771.cloudfront.net/beaja/579fea199d400beb186d8df5e746b360,False
じゃないです,"[""is not"", ""we're not"", ""aren't"", ""he's not"", ""she's not"", ""I'm not"", ""it's not"", ""I am not"", ""isn't"", ""won't""]",https://d1vq87e9lcf771.cloudfront.net/beaja/d4e38174cea1d471447ab838cdb61e16,False
ちかてつ,"[""subway""]",https://d1vq87e9lcf771.cloudfront.net/beaja/8342062e77e00a7063b3b2e8ed9c2e47,False
くうこう,"[""airport""]",https://d1vq87e9lcf771.cloudfront.net/beaja/4874ceb9ead87bbffda3b7d2237d4a34,False
はん,"[""thirty""]",https://d1vq87e9lcf771.cloudfront.net/beaja/683d6e48ab6893eea1baf8e5615db4a2,False
すみません,"[""excuse me""]",https://d1vq87e9lcf771.cloudfront.net/beaja/a68185989965090c436d2cbcc8426347,False
ごろ,"[""around"", ""about""]",https://d1vq87e9lcf771.cloudfront.net/beaja/ce421ec6a2ec15d7c27dc86395f89b39,False
いま,"[""now"", ""current""]",https://d1vq87e9lcf771.cloudfront.net/beaja/441d4a3939fc10dd0d4d470ec96ed43c,False
一,"[""one"", ""an"", ""a"", ""first"", ""1""]",https://d1vq87e9lcf771.cloudfront.net/beaja/a179abcbd2ac6b3d252ad05fc02a0130,False
二,"[""two"", ""2""]",https://d1vq87e9lcf771.cloudfront.net/beaja/b706ad9321bf035ea20f06e6fecfc6c7,False
なんじ,"[""what time""]",https://d1vq87e9lcf771.cloudfront.net/beaja/3116005d4b9b13cc99e2413bfb39ce85,False
三,"[""3"", ""three"", ""third""]",https://d1vq87e9lcf771.cloudfront.net/beaja/37fd6700ded06947e88ced7ec6c8c9b6,False
じ,"[""o'clock""]",https://d1vq87e9lcf771.cloudfront.net/beaja/47cc7c35769906e592f903b301a9f95e,False
に,"[""to"", ""in"", ""as (a)"", ""through"", ""made"", ""with"", ""inside"", ""atop"", ""onto"", ""make"", ""for"", ""upon"", ""let"", ""within"", ""(out) of"", ""two"", ""among"", ""as"", ""per"", ""into"", ""as (an)"", ""at"", ""on"", ""over"", ""about"", ""of"", ""against"", ""during"", ""from"", ""by""]",https://d1vq87e9lcf771.cloudfront.net/beaja/620ff86b496c4e18b0ef07751b2dd4a8,False
いち,"[""one"", ""an""]",https://d1vq87e9lcf771.cloudfront.net/beaja/95ee0c4aa1ed16f665a93680e6683c93,False
やまぐち,"[""Yamaguchi""]",https://d1vq87e9lcf771.cloudfront.net/beaja/7a01ac7f060abb0d9efe2efb2ae5daad,False
おもしろい,"[""interesting"", ""fun"", ""funny""]",https://d1vq87e9lcf771.cloudfront.net/beaja/316046ffac53446ea62a90c7e5ad0499,False
その,"[""the"", ""that"", ""its"", ""those""]",https://d1vq87e9lcf771.cloudfront.net/beaja/b2225e614c3de46f1b4031b42a4f1fce,False
かわいい,"[""cuter"", ""cute"", ""pretty"", ""sweet""]",https://d1vq87e9lcf771.cloudfront.net/beaja/8f824fec5c784144126142efa223abfd,False
あかるい,"[""bright"", ""cheerful"", ""well-lit""]",https://d1vq87e9lcf771.cloudfront.net/beaja/61dce82268f75c973ceefc02a1f00a1e,False
たなか,"[""Tanaka""]",https://d1vq87e9lcf771.cloudfront.net/beaja/f7f48aebbb3b8f01553915f08b9f75a5,False
この,"[""this"", ""these""]",https://d1vq87e9lcf771.cloudfront.net/beaja/0a7d0834d9b790b5132d892fa9d9072a,False
なかやま,"[""Nakayama""]",https://d1vq87e9lcf771.cloudfront.net/beaja/3596e8ece9c483b2b8964dddba4ebcbd,False
それら,"[""they"", ""them"", ""those""]",https://d1vq87e9lcf771.cloudfront.net/beaja/2c0d4f3bae9c71670d5a84c72ee28424,False
これら,"[""these""]",https://d1vq87e9lcf771.cloudfront.net/beaja/ff73c0c37511106ea88bf237c1a5bfe5,False
くつ,"[""shoes"", ""shoe""]",https://d1vq87e9lcf771.cloudfront.net/beaja/46bc9fdcf83daf3c034b90fbdff7b244,False
しろい,"[""white""]",https://d1vq87e9lcf771.cloudfront.net/beaja/796c42b1cf333e9f11a164294f750d53,False
コート,"[""coat""]",https://d1vq87e9lcf771.cloudfront.net/beaja/6e5b79bd8142728080c0ecf19b400684,False
あかい,"[""red""]",https://d1vq87e9lcf771.cloudfront.net/beaja/3233949926cc5c3d6038a137c151d350,False
わたしの,"[""my"", ""mine""]",https://d1vq87e9lcf771.cloudfront.net/beaja/7ca5ed902b5b9224290541791d4de9ed,False
かさ,"[""umbrella"", ""umbrellas""]",https://d1vq87e9lcf771.cloudfront.net/beaja/d1e911dd7f2a054465404c4b6458eef5,False
ぼうし,"[""hat"", ""hats""]",https://d1vq87e9lcf771.cloudfront.net/beaja/62c079b875c899c7eab3b5e5751471f4,False
そこ,"[""there""]",https://d1vq87e9lcf771.cloudfront.net/beaja/525bc61369d4ade6a612eed8777fd5a7,False
だいがく,"[""university"", ""college""]",https://d1vq87e9lcf771.cloudfront.net/beaja/13c0f9f191d278344193a11e6343e8b3,False
えき,"[""station"", ""train station"", ""stations"", ""train stations""]",https://d1vq87e9lcf771.cloudfront.net/beaja/09754315a7dfc925850e3bf68c5c9e31,False
デパート,"[""department store""]",https://d1vq87e9lcf771.cloudfront.net/beaja/dbec62595b667d1ac338a635bdfa4b23,False
ここ,"[""here""]",https://d1vq87e9lcf771.cloudfront.net/beaja/5e382ce142cbab3fa659954fd87ac258,False
バスてい,"[""bus stop""]",https://d1vq87e9lcf771.cloudfront.net/beaja/9fbd5ba73e99853fc2f8655027905e38,False
ホテル,"[""hotel""]",https://d1vq87e9lcf771.cloudfront.net/beaja/c564c1155f1df38c678201fa94740d64,False
コンビニ,"[""convenience store""]",https://d1vq87e9lcf771.cloudfront.net/beaja/2ec80b61d326faa73e5757ec093e5f85,False
どこ,"[""where""]",https://d1vq87e9lcf771.cloudfront.net/beaja/1278a4f1f291cfbe53e154df34c89d33,False
ブラジルじん,"[""Brazilian""]",https://d1vq87e9lcf771.cloudfront.net/beaja/a8149d5358ed1778959399cbea1837a2,False
イギリスじん,"[""British""]",https://d1vq87e9lcf771.cloudfront.net/beaja/1af0c19bd629e9053fa317ac84cfea48,False
ブラジル,"[""Brazil""]",https://d1vq87e9lcf771.cloudfront.net/beaja/39de240a2eae19a717bad6afa25e1be7,False
イギリス,"[""Britain"", ""the United Kingdom"", ""British"", ""the UK""]",https://d1vq87e9lcf771.cloudfront.net/beaja/e71d14328a098430bf0c6766df999c40,False
にほんじん,"[""Japanese""]",https://d1vq87e9lcf771.cloudfront.net/beaja/17118a8bddb8b338e73ec07dcef76be9,False
カナダ,"[""Canada""]",https://d1vq87e9lcf771.cloudfront.net/beaja/8f2218159769b3a930d2aa3238f70edd,False
アメリカじん,"[""American""]",https://d1vq87e9lcf771.cloudfront.net/beaja/96dbf9eaf2265e6cc8ce9e03d68fed76,False
カナダじん,"[""Canadian""]",https://d1vq87e9lcf771.cloudfront.net/beaja/697a6017efad6a40978e41779c807537,False
アメリカ,"[""America"", ""the USA"", ""the US"", ""American"", ""the United States""]",https://d1vq87e9lcf771.cloudfront.net/beaja/a86f9d2fc240938605d5a76ad9f5fba3,False
ちいさい,"[""small"", ""little""]",https://d1vq87e9lcf771.cloudfront.net/beaja/54645a75bd7a4f8d51a0d71bb1a3cb2a,False
にほん,"[""Japan""]",https://d1vq87e9lcf771.cloudfront.net/beaja/cc21e735b6aed355bda00c33898208dd,False
おおきい,"[""big"", ""large""]",https://d1vq87e9lcf771.cloudfront.net/beaja/f05d27a9ee30d0cf5ac1560dc18b1b54,False
か,"[""or"", ""is it?"", ""that"", ""if"", ""what"", ""whether""]",https://d1vq87e9lcf771.cloudfront.net/beaja/ef97e01b0db47bf43fe4aa4ef1b73bfb,False
いいえ,"[""no""]",https://d1vq87e9lcf771.cloudfront.net/beaja/87c61b2ffcaf0da78e76b560bdd3aef2,False
はい,"[""yes""]",https://d1vq87e9lcf771.cloudfront.net/beaja/c4a1ff5b9bc8df76a2fba7e942d0e38d,False
ケーキ,"[""cake""]",https://d1vq87e9lcf771.cloudfront.net/beaja/dce14b0e40289bf985b4b1c4de17de34,False
ピザ,"[""pizza""]",https://d1vq87e9lcf771.cloudfront.net/beaja/17b8d4c686cee5563e7b93beb8979f86,False
それ,"[""that (one)"", ""it"", ""that""]",https://d1vq87e9lcf771.cloudfront.net/beaja/b44c7e3a49e83e52c4078ee10dda4515,False
これ,"[""this (one)"", ""these"", ""this""]",https://d1vq87e9lcf771.cloudfront.net/beaja/840065a0405940646bffc6103ee34ffb,False
ラーメン,"[""ramen""]",https://d1vq87e9lcf771.cloudfront.net/beaja/3407c8c11666811f6e7170ab88948183,False
おいしい,"[""good"", ""delicious"", ""tasty""]",https://d1vq87e9lcf771.cloudfront.net/beaja/9ec01fd92037a28ebdd67549aca9c8fe,False
は,"[""is"", ""with"", ""regarding"", ""for"", ""tooth"", ""at"", ""when"", ""on"", ""about"", ""as for"", ""of"", ""during"", ""in"", ""by"", ""teeth"", ""was"", ""are""]",https://d1vq87e9lcf771.cloudfront.net/beaja/bf6eba71e47494fb97ebda3d75ee1e50,False
カレー,"[""curry""]",https://d1vq87e9lcf771.cloudfront.net/beaja/0efbe0e7ba10aaf5e8517e4ee20e1f9a,False
またあした,"[""see you tomorrow""]",https://d1vq87e9lcf771.cloudfront.net/beaja/a79a914e5c00b834e7df41c0ca2f58c2,False
じゃあね,"[""bye""]",https://d1vq87e9lcf771.cloudfront.net/beaja/cd15b53b2e31cf431b0d3ba2e4e13ce3,False
さん,"[""Mr."", ""Miss"", ""Mrs."", ""3"", ""three"", ""Ms."", ""Mt.""]",https://d1vq87e9lcf771.cloudfront.net/beaja/c739165780e588d6206f107a06fa1de5,False
こんばんは,"[""tonight"", ""good evening"", ""this evening""]",https://d1vq87e9lcf771.cloudfront.net/beaja/008f05910659306d374bbfff6779f491,False
なおみ,"[""Naomi""]",https://d1vq87e9lcf771.cloudfront.net/beaja/d8078275df8fb8ee974e02fa508f9152,False
はな,"[""flowers"", ""flower"", ""Hana"", ""nose""]",https://d1vq87e9lcf771.cloudfront.net/chotan/933b23d51183cd2cc61eb1be26cacab3,False
どうぞよろしく,"[""nice to meet you""]",https://d1vq87e9lcf771.cloudfront.net/beaja/11fd2f45204715064314f903beda9e1d,False
こんにちは,"[""hello"", ""hi""]",https://d1vq87e9lcf771.cloudfront.net/beaja/0b98597e8ff46a60278a2f461d62b712,False
けん,"[""Ken"", ""ticket""]",https://d1vq87e9lcf771.cloudfront.net/beaja/24a89f179ad1b900c77caf0fda8f0a20,False
がくせい,"[""student"", ""students""]",https://d1vq87e9lcf771.cloudfront.net/beaja/6f8b4a00ab9f922978cbaf678bebac06,False
ひと,"[""person"", ""people""]",https://d1vq87e9lcf771.cloudfront.net/beaja/03fd8b6887744ee59b8aaf25602a93c5,False
かっこいい,"[""cool"", ""good-looking"", ""stylish"", ""handsome"", ""attractive""]",https://d1vq87e9lcf771.cloudfront.net/beaja/3a9120f0d94df84d1879a8923a5b254e,False
べんごし,"[""lawyer"", ""lawyers""]",https://d1vq87e9lcf771.cloudfront.net/beaja/5a4a92be8b0a2d703d556c81de187efb,False
やさしい,"[""kind"", ""easy"", ""nice""]",https://d1vq87e9lcf771.cloudfront.net/beaja/703370c94a6e3b4c7ed7361289427f64,False
せんせい,"[""teacher"", ""Professor"", ""teachers"", ""Doctor""]",https://d1vq87e9lcf771.cloudfront.net/beaja/7cc458abf7eb9d6bc9a6a4c34e174110,False
いしゃ,"[""doctor"", ""doctors""]",https://d1vq87e9lcf771.cloudfront.net/beaja/aca7f46f5f347d30dd198e37da66d2fe,False
です,"[""there is"", ""it's"", ""I'm"", ""she's"", ""he's"", ""we're"", ""is""]",https://d1vq87e9lcf771.cloudfront.net/beaja/58799ff9c3480e4089aa94c067c47465,False
と,"[""and"", ""that"", ""door"", ""with"", ""for"", ""or"", ""as"", ""when"", ""if"", ""nor"", ""to"", ""doors"", ""whenever"", ""from"", ""city""]",https://d1vq87e9lcf771.cloudfront.net/beaja/00b1b9ab5f89e2340994605859de93c0,False
みず,"[""water""]",https://d1vq87e9lcf771.cloudfront.net/chotan/cd16fb736326b92b0ab1f121f01545ce,False
ごはん,"[""rice"", ""meal"", ""meals""]",https://d1vq87e9lcf771.cloudfront.net/beaja/d3f4f63ee5e3662a0d9703d78190baec,False
すし,"[""sushi""]",https://d1vq87e9lcf771.cloudfront.net/beaja/26a9971e9dadf1a33a0feabff918ae3e,False
ください,"[""please""]",https://d1vq87e9lcf771.cloudfront.net/beaja/c681efeb74e8c6464cb2d858ebcc8faa,False
おちゃ,"[""green teas"", ""green tea"", ""tea"", ""teas""]",https://d1vq87e9lcf771.cloudfront.net/beaja/cdeae7ebdf75aaa66e000439a5b0d327,False
